浙江余杭源美商贸有限公司;张刚豪;1870512127;just1732;392200;
浙江海宁泰如商贸有限公司;李刚洁;1870522137;because1753;392207,
浙江桐乡信和商贸有限公司;王刚捷;1870532147;good1774;392214,
浙江平湖协盈商贸有限公司;周刚毅;1870542157;each1795;392221,
浙江临安茂发商贸有限公司;谢高昂;1870552167;those1816;392228,
浙江富阳长鑫商贸有限公司;陈高岑;1870562177;feel1837;392235,
浙江萧山优元商贸有限公司;杨高畅;1870572187;seem1858;392242,
浙江上虞丰汇商贸有限公司;邓高超;1870582197;how1879;392249,
浙江慈溪春凯商贸有限公司;郑高驰;1870592207;high1900;392256,
浙江余姚隆顺商贸有限公司;吴高达;1870602217;too1921;392263,
浙江奉化安广商贸有限公司;冯高澹;1870612227;place1942;392270,
浙江嵊州东进商贸有限公司;何 高飞;1870622237;little1963;392277,
浙江诸暨春秋商贸有限公司;曹高芬;1870632247;world1984;392284,
浙江建德创美商贸有限公司;彭高峯;1870642257;very2005;392291,
浙江义乌百诚商贸有限公司;沈高峰;1870652267;still2026;392298,
浙江东阳汇程商贸有限公司;马高歌;1870662277;nation2047;392305,
浙江兰溪墨香商贸有限公司;钱高格;1870672287;hand2068;392312,
浙江江山海保商贸有限公司;张高寒;1870682297;old2089;392319,
浙江永康超群商贸有限公司;张高翰;1870692307;life2110;392326,
浙江丽水鹏辰商贸有限公司;张高杰;1870702317;tell2131;392333,
浙江龙泉星火商贸有限公司;李高洁;1870712327;write2152;392340,
浙江临海益联商贸有限公司;王高峻;1870722337;become2173;392347,
浙江温岭森蒙商贸有限公司;周高朗;1870732347;here2194;392354,
浙江乐清东风商贸有限公司;谢高丽;1870742357;show2215;392361,
浙江瑞安丰行商贸有限公司;陈高邈;1870752367;house2236;392368,
浙江海宁红日商贸有限公司;杨高旻;1870762377;both2257;392375,
浙江桐乡振翔商贸有限公司;邓高明;1870772387;between2278;392382,
浙江平湖三和商贸有限公司;郑高爽;1870782397;need2299;392389,
浙江临安宏图商贸有限公司;吴高兴;1870792407;mean2320;392396,
浙江富阳大名商贸有限公司;冯高轩;1870802417;call2341;392403,
浙江萧山卓远商贸有限公司;何 高雅;1870812427;develop2362;392410,
浙江上虞艾特商贸有限公司;曹高扬;1870822437;under2383;392417,
浙江慈溪大正商贸有限公司;彭高阳;1870832447;last2404;392424,
浙江余姚红鑫商贸有限公司;沈高义;1870842457;right2425;392431,
浙江奉化恒欣商贸有限公司;马高谊;1870852467;move2446;392438,
浙江嵊州中盛商贸有限公司;钱高逸;1870862477;thing2467;392445,
浙江诸暨睿思商贸有限公司;张高懿;1870872487;general2488;392452,
浙江建德鸿缘商贸有限公司;张高原;1870882497;school2509;392459,
浙江义乌永盛商贸有限公司;李高远;1870892507;never2530;392466,
浙江东阳友言商贸有限公司;王高韵;1870902517;same2551;392473,
浙江兰溪浩发商贸有限公司;周高卓;1870912527;another2572;392480,
浙江江山义浩商贸有限公司;谢光赫;1870922537;begin2593;392487,
浙江永康长圣商贸有限公司;陈光华;1870932547;while2614;392494,
浙江丽水金庆商贸有限公司;杨光辉;1870942557;number2635;392501,
浙江龙泉汇中商贸有限公司;邓光济;1870952567;part2656;392508,
浙江临海成同商贸有限公司;郑光霁;1870962577;turn2677;392515,
浙江温岭信长五金公司;吴光亮;1870972587;real2698;392522,
浙江乐清晶安五金公司;冯光临;1870982597;leave2719;392529,
浙江瑞安庆合五金公司;何 光明;1870992607;might2740;392536,
湖南长沙汇恒五金公司;曹光启;1871002617;want2761;392543,
湖南湘阴国宏五金公司;彭光熙;1871012627;point2782;392550,
湖南岳阳多辉五金公司;沈光耀;1871022637;form2803;392557,
湖南平江永多五金公司;马光誉;1871032647;off2824;392564,
湖南湘潭盈凯五金公司;钱光远;1871042657;child2845;392571,
湖南株洲安巨五金公司;张国安;1871052667;few2866;392578,
湖南衡山发宝五金公司;张国兴;1871062677;small2887;392585,
湖南衡东欣鼎五金公司;李国源;1871072687;since2908;392592,
湖南衡南满安五金公司;王冠宇;1871082697;against2929;392599,
湖南攸县光益五金公司;周冠玉;1871092707;ask2950;392606,
湖南茶陵康凯五金公司;谢嘉赐;1871102717;late2971;392613,
湖南安仁百益五金公司;陈嘉德;1871112727;home2992;392620,
湖南炎陵光复五金公司;杨嘉福;1871122737;interest3013;392627,
湖南桂东亚飞五金公司;邓嘉良;1871132747;large3034;392634,
湖南永兴鑫本五金公司;郑嘉茂;1871142757;person3055;392641,
湖南汝城大台五金公司;吴嘉木;1871152767;end3076;392648,
湖南宜章康鑫五金公司;冯嘉慕;1871162777;open3097;392655,
湖南临武益同五金公司;何 嘉纳;1871172787;public3118;392662,
湖南桂阳辉丰五金公司;曹嘉年;1871182797;follow3139;392669,
湖南新田富凯五金公司;彭嘉平;1871192807;during3160;392676,
湖南嘉禾全伟五金公司;沈嘉庆;1871202817;present3181;392683,
湖南宁远鼎高五金公司;马嘉荣;1871212827;without3202;392690,
湖南蓝山捷丰五金公司;钱嘉容;1871222837;again3223;392697,
湖南双牌贵巨五金公司;张嘉瑞;1871232847;hold3244;392704,
湖南道县如亨五金公司;张嘉胜;1871242857;govern3265;392711,
湖南江永成春五金公司;李嘉石;1871252867;around3286;392718,
湖南双峰大高五金公司;王嘉实;1871262877;possible3307;392725,
湖南邵东亨恒五金公司;周嘉树;1871272887;head3328;392732,
湖南新邵同亨五金公司;谢嘉澍;1871282897;consider3349;392739,
湖南衡阳辉台五金公司;陈嘉熙;1871292907;word3370;392746,
湖南祁东旺洪五金公司;杨嘉禧;1871302917;program3391;392753,
湖南祁阳合洪五金公司;邓嘉祥;1871312927;problem3412;392760,
湖南邵阳富皇五金公司;郑嘉歆;1871322937;however3433;392767,
湖南东安裕宝五金公司;吴嘉许;1871332947;lead3454;392774,
湖南望城伟凯五金公司;冯嘉勋;1871342957;system3475;392781,
湖南宁乡泰全五金公司;何 嘉言;1871352967;set3496;392788,
湖南桃江和利五金公司;曹嘉谊;1871362977;order3517;392795,
湖南汉寿瑞隆五金公司;彭嘉懿;1871372987;eye3538;392802,
湖南桃源宏祥五金公司;沈嘉颖;1871382997;plan3559;392809,
湖南华容本盛五金公司;马嘉佑;1871393007;run3580;392816,
湖南南县巨久五金公司;钱嘉玉;1871403017;keep3601;392823,
湖南安乡裕祥五金公司;张嘉誉;1871413027;face3622;392830,
湖南临澧汇久五金公司;张嘉悦;1871423037;fact3643;392837,
湖南澧县大千五金公司;张嘉运;1871433047;group3664;392844,
湖南石门荣千五金公司;李嘉泽;1871443057;play3685;392851,
湖南慈利仁捷五金公司;王嘉珍;1871453067;stand3706;392858,
湖南桑植亨信五金公司;周嘉祯;1871463077;increase3727;392865,
湖南龙山康丰五金公司;谢嘉志;1871473087;early3748;392872,
湖南永顺凯大五金公司;陈嘉致;1871483097;course3769;392879,
湖南花垣安祥五金公司;杨坚白;1871493107;change3790;392886,
湖南保靖宝干五金公司;邓坚壁;1871503117;help3811;392893,
湖南古丈亨仁五金公司;郑坚秉;1871513127;line3832;392900,
湖南沅陵优源五金公司;吴坚成;1871523137;city3853;392907,
湖南安化升聚五金公司;冯坚诚;1871533147;put3874;392914,
湖南泸溪盛圣五金公司;何 建安;1871543157;close3895;392921,
湖南新化进恒五金公司;曹建白;1871553167;case3916;392928,
湖南溆浦正多五金公司;彭建柏;1871563177;force3937;392935,
湖南辰溪金优五金公司;沈建本;1871573187;meet3958;392942,
湖南凤凰祥盛五金公司;马建弼;1871583197;once3979;392949,
湖南中方欣久五金公司;钱建德;1871593207;water4000;392956,
湖南洞口安盛五金公司;张建华;1871603217;upon4021;392963,
湖南隆回盈复五金公司;张建明;1871613227;war4042;392970,
湖南新宁裕大五金公司;李建茗;1871623237;build4063;392977,
湖南绥宁茂全五金公司;王建木;1871633247;hear4084;392984,
湖南会同浩捷五金公司;周建树;1871643257;light4105;392991,
浙江余杭国益五金公司;谢建同;1871653267;unite4126;392998,
浙江海宁浩公五金公司;陈建修;1871663277;live4147;393005,
浙江桐乡润万五金公司;杨建业;1871673287;every4168;393012,
浙江平湖优金五金公司;邓建义;1871683297;country4189;393019,
浙江临安顺春五金公司;郑建元;1871693307;bring4210;393026,
浙江富阳广丰五金公司;吴建章;1871703317;center4231;393033,
浙江萧山正协五金公司;冯建中;1871713327;let4252;393040,
浙江上虞耀德五金公司;何 健柏;1871723337;side4273;393047,
浙江慈溪皇中五金公司;曹金鑫;1871733347;try4294;393054,
浙江余姚顺宝五金公司;彭锦程;1871743357;provide4315;393061,
浙江奉化高协五金公司;沈瑾瑜;1871753367;continue4336;393068,
浙江嵊州正祥五金公司;马晋鹏;1871763377;name4357;393075,
浙江诸暨茂百五金公司;钱经赋;1871773387;certain4378;393082,
浙江建德晶茂五金公司;张经亘;1871783397;power4399;393089,
浙江义乌泰亚五金公司;张经国;1871793407;pay4420;393096,
浙江东阳同进建材公司;李经略;1871803417;result4441;393103,
浙江兰溪国聚建材公司;王经纶;1871813427;question4462;393110,
浙江江山圣本建材公司;周经纬;1871823437;study4483;393117,
浙江永康同高建材公司;谢经武;1871833447;woman4504;393124,
浙江丽水公浩建材公司;陈经业;1871843457;member4525;393131,
浙江龙泉厚全建材公司;杨经义;1871853467;until4546;393138,
浙江临海荣亨建材公司;邓经艺;1871863477;far4567;393145,
浙江温岭本发建材公司;郑景澄;1871873487;night4588;393152,
浙江乐清信皇建材公司;吴景福;1871883497;always4609;393159,
浙江瑞安升捷建材公司;冯景焕;1871893507;service4630;393166,
浙江海宁高光建材公司;何 景辉;1871903517;away4651;393173,
浙江桐乡广千建材公司;曹景辉;1871913527;report4672;393180,
浙江平湖发盛建材公司;彭景龙;1871923537;something4693;393187,
浙江临安鼎宝建材公司;沈景明;1871933547;company4714;393194,
浙江富阳仁义建材公司;马景山;1871943557;week4735;393201,
浙江萧山高旺建材公司;钱景胜;1871953567;church4756;393208,
浙江上虞捷东建材公司;张景铄;1871963577;toward4777;393215,
浙江慈溪台升建材公司;张景天;1871973587;start4798;393222,
浙江余姚欣昌建材公司;李景同;1871983597;social4819;393229,
浙江奉化凯祥建材公司;王景曜;1871993607;room4840;393236,
浙江嵊州利仁建材公司;周靖琪;1872003617;figure4861;393243,
浙江诸暨金广建材公司;谢君昊;1872013627;nature4882;393250,
浙江建德干瑞建材公司;陈君浩;1872023637;though4903;393257,
浙江义乌弘康建材公司;杨俊艾;1872033647;young4924;393264,
浙江东阳大鼎建材公司;邓俊拔;1872043657;less4945;393271,
浙江兰溪复禄建材公司;郑俊弼;1872053667;enough4966;393278,
浙江江山万美建材公司;吴俊才;1872063677;almost4987;393285,
浙江永康厚辉建材公司;冯俊材;1872073687;read5008;393292,
浙江丽水万协建材公司;何 俊驰;1872083697;include5029;393299,
浙江龙泉寿满建材公司;曹俊楚;1872093707;president5050;393306,
浙江临海泰泰建材公司;彭俊达;1872103717;nothing5071;393313,
浙江温岭晶千建材公司;沈俊德;1872113727;yet5092;393320,
浙江乐清德长建材公司;马俊发;1872123737;better5113;393327,
浙江瑞安通广建材公司;钱俊风;1872133747;big5134;393334,
湖南长沙茂禄建材公司;张俊豪;1872143757;boy5155;393341,
湖南湘阴康巨建材公司;张俊健;1872153767;cost5176;393348,
湖南岳阳全洪建材公司;张俊杰;1872163777;business5197;393355,
湖南平江耀春建材公司;李俊捷;1872173787;value5218;393362,
湖南湘潭本佳建材公司;王俊郎;1872183797;second5239;393369,
湖南株洲和裕建材公司;周俊力;1872193807;why5260;393376,
湖南衡山欣亚建材公司;谢俊良;1872203817;clear5281;393383,
湖南衡东元寿建材公司;陈俊迈;1872213827;expect5302;393390,
湖南衡南盈德建材公司;杨俊茂;1872223837;family5323;393397,
湖南攸县泰多建材公司;邓俊美;1872233847;complete5344;393404,
湖南茶陵协佳建材公司;郑俊民;1872243857;act5365;393411,
湖南安仁全庆建材公司;吴俊名;1872253867;sense5386;393418,
湖南炎陵晶富建材公司;冯俊明;1872263877;mind5407;393425,
湖南桂东顺光建材公司;何 俊楠;1872273887;experience5428;393432,
湖南永兴百进建材公司;曹俊能;1872283897;art5449;393439,
湖南汝城国福建材公司;彭俊人;1872293907;next5470;393446,
湖南宜章飞成建材公司;沈俊爽;1872303917;near5491;393453,
湖南临武亨鑫建材公司;马俊悟;1872313927;direct5512;393460,
湖南桂阳满亚建材公司;钱俊晤;1872323937;car5533;393467,
湖南新田亨百建材公司;张俊侠;1872333947;law5554;393474,
湖南嘉禾厚厚建材公司;张俊贤;1872343957;industry5575;393481,
湖南宁远新耀建材公司;李俊雄;1872353967;important5596;393488,
湖南蓝山宝千建材公司;王俊雅;1872363977;girl5617;393495,
湖南双牌发百建材公司;周俊彦;1872373987;god5638;393502,
湖南道县本千建材公司;谢俊逸;1872383997;several5659;393509,
湖南江永昌干建材公司;陈俊英;1872394007;matter5680;393516,
湖南双峰凯发建材公司;杨俊友;1872404017;usual5701;393523,
湖南邵东如晶建材公司;邓俊语;1872414027;rather5722;393530,
湖南新邵谦和建材公司;郑俊誉;1872424037;per5743;393537,
湖南衡阳成仁建材公司;吴俊远;1872434047;often5764;393544,
湖南祁东全飞建材公司;冯俊哲;1872444057;kind5785;393551,
湖南祁阳成谦建材公司;何 俊喆;1872454067;among5806;393558,
湖南邵阳义洪建材公司;曹俊智;1872464077;white5827;393565,
湖南东安丰圣建材公司;彭峻熙;1872474087;reason5848;393572,
湖南望城合万建材公司;沈季萌;1872484097;action5869;393579,
湖南宁乡进兴建材公司;马季同;1872494107;return5890;393586,
湖南桃江广东建材公司;钱向晨;1872504117;foot5911;393593,
湖南汉寿义宝建材公司;张向笛;1872514127;care5932;393600,
湖南桃源华浩建材公司;张向文;1872524137;simple5953;393607,
湖南华容昌兴建材公司;李向明;1872534147;within5974;393614,
湖南南县正欣建材公司;王向荣;1872544157;love5995;393621,
湖南安乡飞利建材公司;周向阳;1872554167;human6016;393628,
湖南临澧东利建材公司;谢翔宇;1872564177;along6037;393635,
湖南澧县中复建材公司;陈翔飞;1872574187;appear6058;393642,
湖南石门隆庆建材公司;杨项禹;1872584197;doctor6079;393649,
湖南慈利升祥盈有限责任公司;邓项明;1872594207;believe6100;393656,
湖南桑植长永发有限责任公司;郑晓博;1872604217;speak6121;393663,
湖南龙山东国新有限责任公司;吴心水;1872614227;active6142;393670,
湖南永顺源丰成有限责任公司;冯心思;1872624237;student6163;393677,
湖南花垣谦协成有限责任公司;何 心远;1872634247;month6184;393684,
湖南保靖美茂中有限责任公司;曹欣德;1872644257;drive6205;393691,
湖南古丈仁鼎仁有限责任公司;彭欣嘉;1872654267;concern6226;393698,
湖南沅陵飞大飞有限责任公司;沈欣可;1872664277;best6247;393705,
湖南安化福亨兴有限责任公司;马欣然;1872674287;door6268;393712,
湖南泸溪庆隆裕有限责任公司;钱欣荣;1872684297;hope6289;393719,
湖南新化盈旺盛有限责任公司;张欣怡;1872694307;example6310;393726,
湖南溆浦汇台金有限责任公司;张欣怿;1872704317;inform6331;393733,
湖南辰溪进春巨有限责任公司;李欣悦;1872714327;body6352;393740,
湖南凤凰和吉大有限责任公司;王新翰;1872724337;ever6373;393747,
湖南中方千百寿有限责任公司;周新霁;1872734347;least6394;393754,
湖南洞口顺协盈有限责任公司;谢新觉;1872744357;probable6415;393761,
湖南隆回宏寿国有限责任公司;陈新立;1872754367;understand6436;393768,
湖南新宁祥进春有限责任公司;杨新荣;1872764377;reach6457;393775,
湖南绥宁宝弘成有限责任公司;邓新知;1872774387;effect6478;393782,
湖南会同祥合福有限责任公司;郑信鸿;1872784397;different6499;393789,
浙江余杭升润巨有限责任公司;吴信厚;1872794407;idea6520;393796,
浙江海宁辉顺元有限责任公司;冯信鸥;1872804417;whole6541;393803,
浙江桐乡多升金有限责任公司;何 信然;1872814427;control6562;393810,
浙江平湖千茂厚有限责任公司;曹信瑞;1872824437;condition6583;393817,
浙江临安宝义如有限责任公司;彭兴安;1872834447;field6604;393824,
浙江富阳厚皇圣有限责任公司;沈兴邦;1872844457;pass6625;393831,
浙江萧山信义鼎有限责任公司;马兴昌;1872854467;fall6646;393838,
浙江上虞盛亚谦有限责任公司;钱兴朝;1872864477;note6667;393845,
浙江慈溪万本祥有限责任公司;张兴德;1872874487;special6688;393852,
浙江余姚鑫全庆有限责任公司;张兴发;1872884497;talk6709;393859,
浙江奉化丰全鑫有限责任公司;张兴国;1872894507;particular6730;393866,
浙江嵊州吉华庆有限责任公司;李兴怀;1872904517;today6751;393873,
浙江诸暨光生成有限责任公司;王兴平;1872914527;measure6772;393880,
浙江建德高亚光有限责任公司;周兴庆;1872924537;walk6793;393887,
浙江义乌捷金长有限责任公司;谢兴生;1872934547;teach6814;393894,
浙江东阳晶荣利有限责任公司;陈兴思;1872944557;low6835;393901,
浙江兰溪福泰昌有限责任公司;杨兴腾;1872954567;hour6856;393908,
浙江江山欣丰多有限责任公司;邓兴旺;1872964577;type6877;393915,
浙江永康万鑫同有限责任公司;郑兴为;1872974587;carry6898;393922,
浙江丽水满发聚有限责任公司;吴兴文;1872984597;rate6919;393929,
浙江龙泉辉宝公有限责任公司;冯兴贤;1872994607;remain6940;393936,
浙江临海吉富如有限责任公司;何 兴修;1873004617;full6961;393943,
浙江温岭祥泰浩有限责任公司;曹兴学;1873014627;street6982;393950,
浙江乐清义万弘有限责任公司;彭兴言;1873024637;easy7003;393957,
浙江瑞安升飞伟有限责任公司;沈兴业;1873034647;although7024;393964,
浙江海宁旺皇中有限责任公司;马兴运;1873044657;record7045;393971,
浙江桐乡久隆新有限责任公司;钱星波;1873054667;sit7066;393978,
浙江平湖弘昌巨有限责任公司;张星辰;1873064677;determine7087;393985,
浙江临安发干源有限责任公司;张星驰;1873074687;level7108;393992,
浙江富阳伟裕辉有限责任公司;李星光;1873084697;local7129;393999,
浙江萧山高满仁有限责任公司;王星海;1873094707;sure7150;394006,
浙江上虞亚益圣有限责任公司;周星汉;1873104717;receive7171;394013,
浙江慈溪元如源有限责任公司;谢星河;1873114727;thus7192;394020,
浙江余姚辉旺福有限责任公司;陈星华;1873124737;moment7213;394027,
浙江奉化捷顺荣有限责任公司;杨星晖;1873134747;spirit7234;394034,
浙江嵊州庆厚圣有限责任公司;邓星火;1873144757;train7255;394041,
浙江诸暨万干汇有限责任公司;郑星剑;1873154767;college7276;394048,
浙江建德干飞富有限责任公司;吴星津;1873164777;religion7297;394055,
浙江义乌台发浩有限责任公司;冯星阑;1873174787;perhaps7318;394062,
浙江东阳亚公优有限责任公司;何 星纬;1873184797;music7339;394069,
浙江兰溪润本祥有限责任公司;曹星文;1873194807;grow7360;394076,
浙江江山贵宝万有限责任公司;彭星宇;1873204817;free7381;394083,
浙江永康正长公有限责任公司;沈星雨;1873214827;cause7402;394090,
浙江丽水多飞皇有限责任公司;马星渊;1873224837;serve7423;394097,
浙江龙泉旺合干有限责任公司;钱星洲;1873234847;age7444;394104,
浙江临海生金大有限责任公司;张修诚;1873244857;book7465;394111,
浙江温岭鑫义康有限责任公司;张修德;1873254867;board7486;394118,
浙江乐清生大捷有限责任公司;李修杰;1873264877;recent7507;394125,
浙江瑞安欣隆全有限责任公司;王修洁;1873274887;sound7528;394132,
湖南长沙康捷义有限责任公司;周修谨;1873284897;office7549;394139,
湖南湘阴新寿弘有限责任公司;谢修筠;1873294907;cut7570;394146,
湖南岳阳信高圣有限责任公司;陈修明;1873304917;step7591;394153,
湖南平江润和汇有限责任公司;杨修能;1873314927;class7612;394160,
湖南湘潭美吉协有限责任公司;邓修平;1873324937;17633;394167,
湖南株洲凯美干有限责任公司;郑修齐;1873334947;history7654;394174,
湖南衡山久仁飞有限责任公司;吴修然;1873344957;position7675;394181,
湖南衡东长巨益有限责任公司;冯修为;1873354967;above7696;394188,
湖南衡南利圣辉有限责任公司;何 修伟;1873364977;strong7717;394195,
湖南攸县生辉泰有限责任公司;曹修文;1873374987;friend7738;394202,
湖南茶陵润宝泰有限责任公司;彭修雅;1873384997;necessary7759;394209,
湖南安仁万公元有限责任公司;沈修永;1873395007;add7780;394216,
湖南炎陵干百发有限责任公司;马修远;1873405017;court7801;394223,
湖南桂东康润光有限责任公司;钱修真;1873415027;deal7822;394230,
湖南永兴聚久寿有限责任公司;张修竹;1873425037;tax7843;394237,
湖南汝城盈满本有限责任公司;张修贤;1873435047;support7864;394244,
湖南宜章福鼎合有限责任公司;李旭尧;1873445057;party7885;394251,
湖南临武干亚全有限责任公司;王炫明;1873455067;whether7906;394258,
湖南桂阳康益洪有限责任公司;周学博;1873465077;either7927;394265,
湖南新田安金国有限责任公司;谢学海;1873475087;land7948;394272,
湖南嘉禾圣光富有限责任公司;陈学林;1873485097;material7969;394279,
湖南宁远浩金同有限责任公司;杨学民;1873495107;happen7990;394286,
湖南蓝山源鼎正有限责任公司;邓学名;1873505117;education8011;394293,
湖南双牌昌成泰有限责任公司;郑学文;1873515127;death8032;394300,
湖南道县盛吉茂有限责任公司;吴学义;1873525137;agree8053;394307,
湖南江永飞协合有限责任公司;冯学真;1873535147;arm8074;394314,
湖南双峰福百弘有限责任公司;何 雪松;1873545157;mother8095;394321,
湖南邵东全伟宝有限责任公司;曹雪峰;1873555167;across8116;394328,
湖南新邵亚皇辉有限责任公司;彭雪风;1873565177;quite8137;394335,
湖南衡阳亚凯永有限责任公司;沈展鹏;1873575187;anything8158;394342,
湖南祁东益瑞康有限责任公司;马哲瀚;1873585197;town8179;394349,
湖南祁阳金巨和有限责任公司;钱哲茂;1873595207;past8200;394356,
湖南邵阳万亨茂有限责任公司;张哲圣;1873605217;view8221;394363,
湖南东安荣隆长有限责任公司;张哲彦;1873615227;society8242;394370,
湖南望城大生广有限责任公司;张振海;1873625237;manage8263;394377,
湖南宁乡捷佳复有限责任公司;李振国;1873635247;answer8284;394384,
湖南桃江义昌耀有限责任公司;王正诚;1873645257;break8305;394391,
湖南汉寿万裕久有限责任公司;周正初;1873655267;organize8326;394398,
湖南桃源圣大兴有限责任公司;谢正德;1873665277;half8347;394405,
湖南华容智恒达商贸有限责任公司;陈正浩;1873675287;fire8368;394412,
湖南南县诚康商贸有限公司;杨正豪;1873685297;lose8389;394419,
湖南安乡欣华阳商贸有限公司;邓正平;1873695307;money8410;394426,
湖南临澧骏博德商贸有限公司;郑正奇;1873705317;stop8431;394433,
湖南澧县盛世金利商贸有限公司;吴正青;1873715327;actual8452;394440,
湖南石门鑫福源商贸有限公司;冯正卿;1873725337;already8473;394447,
湖南慈利金豪商贸有限公司;何 正文;1873735347;effort8494;394454,
湖南桑植瑞驰商贸有限责任公司;曹正祥;1873745357;wait8515;394461,
湖南龙山凯金机械商贸有限公司;彭正信;1873755367;department8536;394468,
湖南永顺鼎鑫盛明商贸有限公司;沈正雅;1873765377;able8557;394475,
湖南花垣欧瑞商贸有限公司;马正阳;1873775387;political8578;394482,
湖南保靖金安达商贸有限公司;钱正业;1873785397;learn8599;394489,
湖南古丈宝钢商贸有限公司;张正谊;1873795407;voice8620;394496,
湖南沅陵泰士特商贸公司;张正真;1873805417;air8641;394503,
湖南安化百事恒兴商贸有限公司;李正志;1873815427;together8662;394510,
湖南泸溪巨晖商贸广告有限公司;王志诚;1873825437;shall8683;394517,
湖南新化红豪特商贸有限公司;周志新;1873835447;cover8704;394524,
湖南溆浦中艺盛嘉商贸有限公司;谢志勇;1873845457;common8725;394531,
湖南辰溪富蓝商贸有限公司;陈志明;1873855467;subject8746;394538,
湖南凤凰佰特商贸有限公司;杨志国;1873865477;draw8767;394545,
湖南中方龙源泰商贸有限公司;邓志强;1873875487;short8788;394552,
湖南洞口思泉商贸有限公司;郑志尚;1873885497;wife8809;394559,
湖南隆回港华商贸有限公司;吴志专;1873895507;treat8830;394566,
湖南新宁鸿升行商贸有限公司;冯志文;1873905517;limit8851;394573,
湖南绥宁众义达商贸有限公司;何 志行;1873915527;road8872;394580,
湖南会同库弘商贸有限公司;曹志学;1873925537;letter8893;394587,
浙江余杭盛腾商贸有限公司;彭志业;1873935547;color8914;394594,
浙江海宁尚宏商贸有限公司;沈志义;1873945557;behind8935;394601,
浙江桐乡豪嘉利商贸有限公司;马志用;1873955567;produce8956;394608,
浙江平湖昆腾商贸有限公司;钱志泽;1873965577;send8977;394615,
浙江临安华鑫商贸有限公司;张致远;1873975587;term8998;394622,
浙江富阳赐金商贸有限公司;张智明;1873985597;total9019;394629,
浙江萧山四海友诚商贸有限公司;李智鑫;1873995607;university9040;394636,
浙江上虞晨升商贸有限责任公司;王智勇;1874005617;rise9061;394643,
浙江慈溪通达九州商贸有限公司;周智敏;1874015627;century9082;394650,
浙江余姚靖浩商贸有限公司;谢智志;1874025637;success9103;394657,
浙江奉化超前商贸有限公司;陈智渊;1874035647;minute9124;394664,
浙江嵊州同心商贸有限公司;杨子安;1874045657;remember9145;394671,
浙江诸暨中意万达商贸有限公司;邓子晋;1874055667;purpose9166;394678,
浙江建德爱顺商贸有限公司;郑子民;1874065677;test9187;394685,
浙江义乌昀康商贸有限公司;吴子明;1874075687;fight9208;394692,
浙江东阳展翅鸿业商贸有限公司;冯子默;1874085697;watch9229;394699,
浙江兰溪伟恒商贸有限公司;何 子墨;1874095707;situation9250;394706,
浙江江山鑫隆电子商贸有限公司;曹子平;1874105717;south9271;394713,
浙江永康汇香源商贸有限公司;彭子琪;1874115727;ago9292;394720,
浙江丽水东和盛泰商贸有限公司;沈子石;1874125737;difference9313;394727,
浙江龙泉君晟达商贸有限公司;马子实;1874135747;stage9334;394734,
浙江临海鸣远商贸有限公司;钱子真;1874145757;father9355;394741,
浙江温岭海丽商贸有限公司;张子濯;1874155767;table9376;394748,
浙江乐清勇胜商贸有限公司;张子昂;1874165777;rest9397;394755,
浙江瑞安凯利商贸有限公司;李子轩;1874175787;bear9418;394762,
浙江海宁益昌商贸有限公司;王子瑜;1874185797;entire9439;394769,
浙江桐乡惠佳商贸有限公司;周自明;1874195807;market9460;394776,
浙江平湖通商贸有限公司;谢自强;1874205817;prepare9481;394783,
浙江临安三禾商贸有限公司;陈作人;1874215827;explain9502;394790,
浙江富阳扬铃商贸有限公司;杨自怡;1874225837;offer9523;394797,
浙江萧山增裕商贸有限公司;邓自珍;1874235847;plant9544;394804,
浙江上虞嘉合兴商贸有限公司;郑曾琪;1874245857;charge9565;394811,
浙江慈溪亿利昶商贸有限公司;吴泽宇;1874255867;ground9586;394818,
浙江余姚优甫商贸有限公司;冯泽语;1874265877;west9607;394825,
浙江奉化锐迈商贸有限公司;何 晗昱;1874275887;picture9628;394832,
浙江嵊州申达鑫通商贸有限公司;曹晗日;1874285897;hard9649;394839,
浙江诸暨天泽商贸有限公司;彭涵畅;1874295907;front9670;394846,
浙江建德艺彩商贸有限公司;沈涵涤;1874305917;lie9691;394853,
浙江义乌龙源泰兴贸易有限公司;马涵亮;1874315927;modern9712;394860,
浙江东阳实达丰商贸有限公司;钱涵忍;1874325937;dark9733;394867,
浙江兰溪维佳特商贸有限公司;张涵容;1874335947;surface9754;394874,
浙江江山吉顺达昌商贸有限公司;张涵润;1874345957;rule9775;394881,
浙江永康益航商贸有限公司;张涵涵;1874355967;regard9796;394888,
浙江丽水鸿然达商贸有限公司;李涵煦;1874365977;dance9817;394895,
浙江龙泉星瀚商贸有限责任公司;王涵蓄;1874375987;peace9838;394902,
浙江临海艾诺威商贸有限公司;周涵衍;1874385997;observe9859;394909,
浙江温岭德辰商贸有限公司;谢涵意;1874396007;future9880;394916,
浙江乐清正阳商贸有限公司;陈涵映;1874406017;wall9901;394923,
浙江瑞安起名商贸有限公司;杨涵育;1874416027;farm9922;394930,
湖南长沙爱都商贸有限公司;邓翰采;1874426037;claim9943;394937,
湖南湘阴瑞佳荣达商贸有限公司;郑翰池;1874436047;firm9964;394944,
湖南岳阳汇利商贸城;吴翰飞;1874446057;operation9985;394951,
湖南平江顺达商贸有限公司;冯翰海;1874456067;further10006;394958,
湖南湘潭正浩商贸有限公司;何 翰翮;1874466077;pressure10027;394965,
湖南株洲嘉特商贸有限公司;曹翰林;1874476087;property10048;394972,
湖南衡山峰扬天翔商贸有限公司;彭翰墨;1874486097;morning10069;394979,
湖南衡东家兴商贸有限公司;沈翰学;1874496107;amount10090;394986,
湖南衡南劲凯商贸有限公司;马翰音;1874506117;top10111;394993,
湖南攸县宜鸿商贸有限公司;钱瀚玥;1874516127;outside10132;395000,
湖南茶陵中越商贸有限公司;张翰藻;1874526137;piece10153;395007,
湖南安仁赛硕商贸有限公司;张瀚海;1874536147;sometimes10174;395014,
湖南炎陵宜筑商贸有限公司;李瀚漠;1874546157;beauty10195;395021,
湖南桂东凯鑫商贸有限公司;王昊苍;1874556167;trade10216;395028,
湖南永兴鼎鑫盛泰商贸有限公司;周昊昊;1874566177;fear10237;395035,
湖南汝城广达恒业商贸有限公司;谢昊空;1874576187;demand10258;395042,
湖南宜章瀚明欣商贸有限公司;陈昊乾;1874586197;wonder10279;395049,
湖南临武华航商贸有限公司;杨昊穹;1874596207;list10300;395056,
湖南桂阳瑞鑫商贸有限公司;邓昊然;1874606217;accept10321;395063,
湖南新田福顺德商贸有限公司;郑昊然;1874616227;judge10342;395070,
湖南嘉禾美轩商贸有限公司;吴昊天;1874626237;paint10363;395077,
湖南宁远勇城商贸有限公司;冯昊焱;1874636247;mile10384;395084,
湖南蓝山天弘益华商贸有限公司;何 昊英;1874646257;soon10405;395091,
湖南双牌锦久辰商贸有限公司;曹浩波;1874656267;responsible10426;395098,
湖南道县高玛商贸有限公司;彭浩博;1874666277;allow10447;395105,
湖南江永金益明商贸有限公司;沈浩初;1874676287;secretary10468;395112,
湖南双峰颐事达商贸有限公司;马浩大;1874686297;heart10489;395119,
湖南邵东中祥商贸有限公司;钱浩宕;1874696307;union10510;395126,
湖南新邵久益商贸有限公司;张浩荡;1874706317;slow10531;395133,
湖南衡阳顺天府商贸有限公司;张浩歌;1874716327;island10552;395140,
湖南祁东中楚亨通商贸有限公司;李浩广;1874726337;enter10573;395147,
湖南祁阳泰如商贸有限公司;王浩涆;1874736347;drink10594;395154,
湖南邵阳信和商贸有限公司;周浩瀚;1874746357;story10615;395161,
湖南东安协盈商贸有限公司;谢浩浩;1874756367;experiment10636;395168,
湖南望城茂发商贸有限公司;陈浩慨;1874766377;stay10657;395175,
湖南宁乡长鑫商贸有限公司;杨浩旷;1874776387;paper10678;395182,
湖南桃江优元商贸有限公司;邓浩阔;1874786397;space10699;395189,
湖南汉寿丰汇商贸有限公司;郑浩漫;1874796407;apply10720;395196,
湖南桃源春凯商贸有限公司;吴浩淼;1874806417;decide10741;395203,
湖南华容隆顺商贸有限公司;冯浩渺;1874816427;share10762;395210,
湖南南县安广商贸有限公司;何 浩邈;1874826437;desire10783;395217,
湖南安乡东进商贸有限公司;曹浩气;1874836447;spend10804;395224,
湖南临澧春秋商贸有限公司;彭浩然;1874846457;sign10825;395231,
湖南澧县创美商贸有限公司;沈浩穰;1874856467;therefore10846;395238,
湖南石门百诚商贸有限公司;马浩壤;1874866477;various10867;395245,
湖南慈利汇程商贸有限公司;钱浩思;1874876487;visit10888;395252,
湖南桑植墨香商贸有限公司;张浩言;1874886497;supply10909;395259,
湖南龙山海保商贸有限公司;张皓轩;1874896507;officer10930;395266,
湖南永顺超群商贸有限公司;李和蔼;1874906517;doubt10951;395273,
湖南花垣鹏辰商贸有限公司;王和安;1874916527;private10972;395280,
湖南保靖星火商贸有限公司;周和璧;1874926537;immediate10993;395287,
湖南古丈益联商贸有限公司;谢和昶;1874936547;wish11014;395294,
湖南沅陵森蒙商贸有限公司;陈和畅;1874946557;contain11035;395301,
湖南安化东风商贸有限公司;杨和风;1874956567;feed11056;395308,
湖南泸溪丰行商贸有限公司;邓和歌;1874966577;raise11077;395315,
湖南新化红日商贸有限公司;郑和光;1874976587;describe11098;395322,
湖南溆浦振翔商贸有限公司;吴和平;1874986597;ready11119;395329,
湖南辰溪三和商贸有限公司;冯和洽;1874996607;horse11140;395336,
湖南凤凰宏图商贸有限公司;何 和惬;1875006617;son11161;395343,
湖南中方大名商贸有限公司;曹和顺;1875016627;exist11182;395350,
湖南洞口卓远商贸有限公司;彭和硕;1875026637;north11203;395357,
湖南隆回艾特商贸有限公司;沈和颂;1875036647;suggest11224;395364,
湖南新宁大正商贸有限公司;马和泰;1875046657;station11245;395371,
湖南绥宁红鑫商贸有限公司;钱和悌;1875056667;effective11266;395378,
湖南会同恒欣商贸有限公司;张和通;1875066677;food11287;395385,
湖南祁阳中盛商贸有限公司;张和同;1875076687;deep11308;395392,
湖南邵阳睿思商贸有限公司;张和煦;1875086697;wide11329;395399,
湖南东安鸿缘商贸有限公司;李和雅;1875096707;alone11350;395406,
湖南望城永盛商贸有限公司;王和宜;1875106717;character11371;395413,
湖南宁乡友言商贸有限公司;周和怡;1875116727;English11392;395420,
湖南桃江浩发商贸有限公司;谢和玉;1875126737;happy11413;395427,
湖南汉寿义浩商贸有限公司;陈和裕;1875136747;critic11434;395434,
湖南桃源长圣商贸有限公司;杨和豫;1875146757;unit11455;395441,
湖南华容泰如商贸有限公司;邓和悦;1875156767;product11476;395448,
湖南南县信和商贸有限公司;郑和韵;1875166777;respect11497;395455,
湖南安乡协盈商贸有限公司;吴和泽;1875176787;drop11518;395462,
湖南临澧茂发商贸有限公司;冯和正;1875186797;nor11539;395469,
湖南澧县长鑫商贸有限公司;何 和志;1875196807;fill11560;395476,
湖南石门优元商贸有限公司;曹鹤轩;1875206817;cold11581;395483,
湖南慈利丰汇商贸有限公司;彭弘博;1875216827;represent11602;395490,
湖南桑植春凯商贸有限公司;沈弘大;1875226837;sudden 572 basic11623;395497,
湖南龙山隆顺商贸有限公司;马弘方;1875236847;kill11644;395504,
湖南永顺安广商贸有限公司;钱弘光;1875246857;fine11665;395511,
湖南花垣东进商贸有限公司;张弘和;1875256867;trouble11686;395518,
湖南保靖春秋商贸有限公司;张弘厚;1875266877;mark11707;395525,
湖南古丈创美商贸有限公司;李弘化;1875276887;single11728;395532,
湖南沅陵百诚商贸有限公司;王弘济;1875286897;press11749;395539,
湖南安化汇程商贸有限公司;周弘阔;1875296907;heavy11770;395546,
湖南泸溪墨香商贸有限公司;谢弘亮;1875306917;attempt11791;395553,
湖南新化海保商贸有限公司;陈弘量;1875316927;origin11812;395560,
湖南溆浦超群商贸有限公司;杨弘深;1875326937;standard11833;395567,
湖南辰溪鹏辰商贸有限公司;邓弘盛;1875336947;everything11854;395574,
湖南凤凰星火商贸有限公司;郑弘图;1875346957;committee11875;395581,
湖南中方益联商贸有限公司;吴弘伟;1875356967;moral11896;395588,
湖南洞口森蒙商贸有限公司;冯弘文;1875366977;black11917;395595,
湖南隆回东风商贸有限公司;何 弘新;1875376987;red11938;395602,
湖南新宁丰行商贸有限公司;曹弘雅;1875386997;bad11959;395609,
湖南绥宁红日商贸有限公司;彭弘扬;1875397007;earth11980;395616,
湖南会同振翔商贸有限公司;沈弘业;1875407017;accord12001;395623,
湖南祁阳三和商贸有限公司;马弘义;1875417027;else12022;395630,
湖南邵阳宏图商贸有限公司;钱弘益;1875427037;mere12043;395637,
湖南东安大名商贸有限公司;张弘毅;1875437047;die12064;395644,
湖南望城卓远商贸有限公司;张弘懿;1875447057;remark12085;395651,
湖南宁乡艾特商贸有限公司;李弘致;1875457067;basis12106;395658,
湖南桃江大正商贸有限公司;王弘壮;1875467077;except12127;395665,
湖南汉寿红鑫商贸有限公司;周宏伯;1875477087;equal12148;395672,
湖南桃源恒欣商贸有限公司;谢宏博;1875487097;east12169;395679,
湖南华容中盛商贸有限公司;陈宏才;1875497107;event12190;395686,
湖南南县睿思商贸有限公司;杨宏畅;1875507117;employ12211;395693,
